ZipCode,Area,City
37201,Downtown Nashville,Nashville
37203,Edgehill / Music Row / The Gulch / West End Circle / Wedgewood,Nashville
37204,12 South / Belmont / Lipscomb / Green Hills / Oak Hill / Edgehill,Nashville
37205,Belle Meade / West End / West Meade,Nashville
37206,East Nashville / Lockeland Springs,Nashville
37207,North Nashville / Dickerson Pike,Nashville
37208,Germantown,Nashville
37209,Charlotte Park / Sylvan Heights / Sylvan Park / The Nations,Nashville
37210,Briley Parkway / South Nashville / Spence Lane / Sterling Heights / Woodbine,Nashville
37211,Bradford Hills / Brentioch / Cane Ridge / Crieve Hall,Nashville
37212,Belmont / Hillsboro Village / Music Row / Vanderbilt,Nashville
37214,Airport / Donelson,Nashville
37215,Belle Meade / Forest Hills / Green Hills,Nashville
37216,Inglewood,Nashville
37217,Briley Parkway / Edge-o-Lake / Priest Lake,Nashville
37218,Bordeaux,Nashville
37219,Central Business District / Downtown,Nashville
37220,Crieve Hall / North Brentwood / Oak Hill,Nashville
37221,Bellevue,Nashville
37013,Antioch / Cane Ridge,Nashville
37072,Goodlettsville,Goodlettsville
37076,Hermitage,Hermitage
37115,Madison,Madison
37138,Old Hickory,Old Hickory
37027,Brentwood,Brentwood
37080,Joelton,Joelton
37135,Nolensville,Nolensville
37180,Whites Creek,Whites Creek
37086,La Vergne,La Vergne
37064,Franklin,Franklin
37015,Ashland City,Ashland City